id,first_name,last_name,email,gender,ip_address
1,Harcourt,Wehner,hwehner0@sphinn.com,Male,106.73.123.69
2,Javier,Thebeaud,jthebeaud1@washingtonpost.com,Male,164.36.149.246
3,Grant,Symers,gsymers2@sourceforge.net,Male,217.149.197.130
4,Hermina,Esp,hesp3@webs.com,Female,228.37.220.206
5,Hersch,Jedrzejkiewicz,hjedrzejkiewicz4@pinterest.com,Male,10.113.5.34
6,Gibb,Gatch,ggatch5@shinystat.com,Male,244.14.66.66
7,Kessiah,Klimke,kklimke6@plala.or.jp,Female,177.50.167.136
8,Valenka,Lindenstrauss,vlindenstrauss7@posterous.com,Female,35.204.133.4
9,Laurice,Christin,lchristin8@constantcontact.com,Female,7.112.174.244
10,Sancho,Bartholomieu,sbartholomieu9@mapy.cz,Male,46.90.131.173
11,Emelina,Lazenby,elazenbya@g.co,Female,195.77.176.20
12,Livvie,Donnell,ldonnellb@altervista.org,Female,136.233.119.81
13,Diann,Puleque,dpulequec@tamu.edu,Non-binary,92.138.148.145
14,Free,Headley,fheadleyd@state.gov,Male,8.175.30.252
15,Gale,Fromant,gfromante@uol.com.br,Male,86.30.229.130
16,Mile,Lamerton,mlamertonf@devhub.com,Male,81.158.98.80
17,Alaine,Frostdicke,afrostdickeg@mit.edu,Genderqueer,31.156.205.164
18,Farr,Noddles,fnoddlesh@unicef.org,Male,152.71.44.171
19,Eulalie,Woodnutt,ewoodnutti@tinyurl.com,Female,204.17.162.251
20,Ethelyn,Simonnet,esimonnetj@fema.gov,Female,41.60.249.134
21,Loren,Ickovitz,lickovitzk@theguardian.com,Male,18.182.214.54
22,Carrol,Kempson,ckempsonl@list-manage.com,Male,68.193.51.158
23,Fionna,Primett,fprimettm@state.gov,Female,134.2.151.223
24,Burr,Clayden,bclaydenn@answers.com,Male,199.205.226.205
25,Wendy,Lewsie,wlewsieo@unblog.fr,Female,26.254.210.6
26,Travis,Eckersley,teckersleyp@163.com,Male,58.4.192.198
27,Davie,Marages,dmaragesq@booking.com,Male,5.110.25.221
28,Bartlett,Keane,bkeaner@over-blog.com,Male,82.213.145.117
29,Denis,Flipsen,dflipsens@nydailynews.com,Male,92.160.249.95
30,Berty,McPeeters,bmcpeeterst@flavors.me,Male,151.7.179.169
31,Cash,Blasetti,cblasettiu@deviantart.com,Male,105.90.20.44
32,Mandie,Simonetto,msimonettov@facebook.com,Female,43.18.59.176
33,Beverie,Selwyn,bselwynw@newsvine.com,Female,99.112.162.207
34,Silvester,Housen,shousenx@nhs.uk,Male,181.129.73.189
35,Giffy,Clyne,gclyney@nymag.com,Bigender,140.35.200.75
36,Zebedee,Bellis,zbellisz@phpbb.com,Male,8.212.86.93
37,Bastian,Dunsmore,bdunsmore10@cocolog-nifty.com,Male,241.8.120.172
38,Cathee,Garfitt,cgarfitt11@oakley.com,Female,199.249.160.110
39,Aurelea,Lindbergh,alindbergh12@hhs.gov,Female,26.133.121.165
40,Shirlene,Denson,sdenson13@cisco.com,Female,141.86.97.216
41,Wilbert,Merritt,wmerritt14@addtoany.com,Male,90.47.212.230
42,Taddeusz,Binnes,tbinnes15@github.com,Male,115.16.125.169
43,Charlot,Castellan,ccastellan16@globo.com,Female,83.100.15.202
44,Margot,Ferencz,mferencz17@toplist.cz,Female,252.113.94.95
45,Rosalinde,Nizard,rnizard18@state.tx.us,Female,20.45.104.67
46,Tallie,Tunkin,ttunkin19@gizmodo.com,Female,59.43.87.3
47,Napoleon,Bastone,nbastone1a@weather.com,Male,179.16.31.73
48,Monro,Toone,mtoone1b@mapquest.com,Male,114.218.239.45
49,Lionello,Bambra,lbambra1c@hc360.com,Male,251.241.179.143
50,Marsiella,Sange,msange1d@walmart.com,Female,94.24.87.167
51,Harlan,Van den Velde,hvandenvelde1e@forbes.com,Male,217.30.203.168
52,Maryrose,Dillingstone,mdillingstone1f@booking.com,Female,248.140.123.51
53,Danyette,Enevoldsen,denevoldsen1g@virginia.edu,Female,211.39.245.219
54,Susi,De Launde,sdelaunde1h@engadget.com,Female,11.155.180.220
55,Belita,McCrachen,bmccrachen1i@uiuc.edu,Female,103.173.190.174
56,Rowney,Petrelluzzi,rpetrelluzzi1j@xrea.com,Male,36.190.2.57
57,Isabelle,Baccas,ibaccas1k@deliciousdays.com,Female,176.197.119.227
58,Belia,Wensley,bwensley1l@hud.gov,Female,152.244.151.174
59,Ransom,Evason,revason1m@google.it,Male,13.222.108.70
60,Meier,Jerrold,mjerrold1n@vkontakte.ru,Male,55.237.233.152
61,Carena,Linzey,clinzey1o@mit.edu,Female,56.23.11.223
62,Turner,Tampling,ttampling1p@furl.net,Male,175.59.20.5
63,Britney,Yitzovicz,byitzovicz1q@weebly.com,Female,64.111.29.120
64,Beret,McFee,bmcfee1r@mapquest.com,Female,130.122.135.180
65,Georgina,Quene,gquene1s@answers.com,Female,5.230.254.173
66,Carlotta,Chiddy,cchiddy1t@geocities.jp,Female,40.236.74.185
67,Abby,Abthorpe,aabthorpe1u@latimes.com,Male,213.220.188.193
68,Shandee,Gerrets,sgerrets1v@indiatimes.com,Female,83.96.246.76
69,Bard,Denness,bdenness1w@yale.edu,Male,4.183.1.134
70,Talyah,Drioli,tdrioli1x@miitbeian.gov.cn,Female,213.68.180.158
71,Kate,Bollon,kbollon1y@geocities.jp,Female,173.159.182.130
72,Sinclair,Cockrill,scockrill1z@altervista.org,Male,31.60.146.30
73,Ermin,Sherrett,esherrett20@sciencedaily.com,Male,14.142.221.222
74,Nigel,Mellenby,nmellenby21@omniture.com,Male,50.245.250.231
75,Hercules,Handke,hhandke22@upenn.edu,Male,137.167.42.44
76,Worthington,Viste,wviste23@symantec.com,Male,214.237.51.49
77,Leo,Spyer,lspyer24@biblegateway.com,Male,64.37.104.243
78,Roseann,Klimochkin,rklimochkin25@gravatar.com,Female,130.44.238.185
79,Valeria,Leadley,vleadley26@biglobe.ne.jp,Non-binary,135.143.77.131
80,Goddart,Barette,gbarette27@ebay.co.uk,Male,173.111.157.44
81,Fifine,Beart,fbeart28@shareasale.com,Bigender,99.74.56.79
82,Clint,Samter,csamter29@wikipedia.org,Male,69.224.141.175
83,Estrella,Kyndred,ekyndred2a@vinaora.com,Female,150.171.22.133
84,Pren,Beecker,pbeecker2b@1688.com,Male,76.82.38.248
85,Carla,Gillani,cgillani2c@ca.gov,Genderqueer,137.249.247.119
86,Kassi,St. Clair,kstclair2d@rambler.ru,Female,33.141.152.32
87,Tommy,Boulter,tboulter2e@cafepress.com,Male,79.72.121.170
88,Ryon,Cartwight,rcartwight2f@webs.com,Male,39.208.137.87
89,Kelsey,Snepp,ksnepp2g@apple.com,Male,113.0.35.56
90,Patsy,Beveredge,pbeveredge2h@wufoo.com,Polygender,139.191.48.95
91,Kirbie,Studholme,kstudholme2i@yolasite.com,Female,179.166.157.96
92,Jyoti,Gane,jgane2j@pen.io,Female,82.155.226.157
93,Stevana,Loomis,sloomis2k@joomla.org,Female,249.195.198.169
94,Nerita,Baike,nbaike2l@imgur.com,Female,132.5.150.191
95,Shirl,Worrall,sworrall2m@elegantthemes.com,Female,191.232.151.68
96,Nerissa,Walliker,nwalliker2n@weebly.com,Female,109.78.241.76
97,Wilek,Adamovich,wadamovich2o@illinois.edu,Polygender,251.116.68.190
98,Madison,Edmonston,medmonston2p@wufoo.com,Male,238.246.136.190
99,Romy,Syrad,rsyrad2q@wunderground.com,Female,125.183.147.236
100,Gwyneth,Zealander,gzealander2r@msn.com,Female,48.26.15.10
101,Darrel,Tribble,dtribble2s@ustream.tv,Male,136.246.228.172
102,Stearn,Stanlack,sstanlack2t@sbwire.com,Male,125.67.61.148
103,Alie,Allpress,aallpress2u@instagram.com,Female,40.152.192.64
104,Brittni,Knights,bknights2v@chronoengine.com,Female,96.8.192.99
105,Jerome,Spinnace,jspinnace2w@state.gov,Male,240.37.58.133
106,David,Gransden,dgransden2x@va.gov,Male,168.183.164.207
107,Haslett,Allright,hallright2y@github.com,Male,23.219.23.4
108,Tamiko,Rickarsey,trickarsey2z@indiegogo.com,Female,160.138.4.150
109,Ameline,Garrow,agarrow30@moonfruit.com,Non-binary,163.223.79.223
110,Sandor,Freeth,sfreeth31@time.com,Male,190.5.237.69
111,Hort,Outhwaite,houthwaite32@ehow.com,Male,73.198.15.132
112,Artemus,Swaile,aswaile33@sun.com,Male,205.157.18.30
113,Pip,Linden,plinden34@noaa.gov,Male,33.128.11.146
114,Hastings,Catlin,hcatlin35@spiegel.de,Male,207.57.195.243
115,Torrin,Strivens,tstrivens36@prlog.org,Polygender,138.225.170.251
116,Yorker,Vickors,yvickors37@weibo.com,Male,191.160.234.49
117,Ofelia,Sickert,osickert38@sogou.com,Female,14.62.39.105
118,Jorry,Brocklebank,jbrocklebank39@slate.com,Female,12.25.28.184
119,Neron,Poinsett,npoinsett3a@cornell.edu,Male,58.100.238.48
120,Luelle,Schimke,lschimke3b@rakuten.co.jp,Female,82.27.195.125
121,Aundrea,Kalisch,akalisch3c@naver.com,Female,66.157.135.41
122,Tani,Lawrence,tlawrence3d@abc.net.au,Female,103.178.120.247
123,Evania,Grangier,egrangier3e@stanford.edu,Female,173.94.130.129
124,Clemente,Casford,ccasford3f@myspace.com,Male,63.199.101.133
125,Julina,Halkyard,jhalkyard3g@liveinternet.ru,Female,73.47.158.48
126,Godfree,Edmand,gedmand3h@purevolume.com,Male,30.118.109.41
127,Tarrah,Adenot,tadenot3i@ebay.co.uk,Female,74.214.229.51
128,Marnia,Young,myoung3j@lycos.com,Female,51.88.77.134
129,Tori,Seawell,tseawell3k@cargocollective.com,Female,243.178.252.172
130,Davy,Grishakov,dgrishakov3l@princeton.edu,Male,76.168.42.79
131,Archie,Vedenisov,avedenisov3m@time.com,Male,125.136.76.104
132,Dene,Ramel,dramel3n@gravatar.com,Polygender,67.70.255.173
133,Dale,Kliemke,dkliemke3o@redcross.org,Female,252.112.218.136
134,Benedict,Redding,bredding3p@reuters.com,Male,214.36.86.235
135,Francesco,Southon,fsouthon3q@scribd.com,Male,98.65.14.1
136,Welby,Boylund,wboylund3r@webeden.co.uk,Male,133.66.151.208
137,Tyler,Dunphy,tdunphy3s@adobe.com,Male,161.207.144.230
138,Farra,Crossby,fcrossby3t@ning.com,Female,80.105.242.201
139,Bernice,Agirre,bagirre3u@jiathis.com,Female,231.92.43.158
140,Karlie,Gull,kgull3v@unicef.org,Female,121.254.109.65
141,Arlen,Sparkwell,asparkwell3w@prweb.com,Female,240.28.63.65
142,Pascal,Drinkhill,pdrinkhill3x@msn.com,Male,106.58.203.134
143,Kristofer,Swayton,kswayton3y@flavors.me,Male,219.149.210.9
144,Cherilynn,Fellgett,cfellgett3z@163.com,Female,146.2.158.87
145,Roddy,Dolohunty,rdolohunty40@cpanel.net,Male,142.226.8.20
146,Conrad,Paolinelli,cpaolinelli41@hostgator.com,Male,14.120.225.33
147,Bendick,McCathie,bmccathie42@google.fr,Genderqueer,201.52.136.143
148,Chancey,Cowmeadow,ccowmeadow43@washingtonpost.com,Male,144.102.27.130
149,Taddeusz,Fotheringham,tfotheringham44@aboutads.info,Male,220.3.43.215
150,Harv,Macknish,hmacknish45@alibaba.com,Male,136.21.2.59
151,Wynn,Mushett,wmushett46@dagondesign.com,Bigender,180.38.162.238
152,Kimmie,Beardow,kbeardow47@berkeley.edu,Female,64.197.30.219
153,Marne,Sinnatt,msinnatt48@discovery.com,Polygender,45.218.7.134
154,Monte,Bernardini,mbernardini49@quantcast.com,Male,2.236.144.166
155,Honey,Badcock,hbadcock4a@networkadvertising.org,Female,99.158.103.246
156,Annalise,La Batie,alabatie4b@clickbank.net,Female,45.43.18.232
157,Donaugh,Bynold,dbynold4c@cloudflare.com,Male,106.34.9.160
158,Eada,Cammomile,ecammomile4d@apache.org,Female,199.208.199.200
159,Tabbie,Dinzey,tdinzey4e@tinypic.com,Male,214.225.101.208
160,Gianni,Gorke,ggorke4f@networksolutions.com,Male,148.201.94.134
161,Bianca,Urlich,burlich4g@moonfruit.com,Female,6.65.188.103
162,Merill,Costellow,mcostellow4h@sitemeter.com,Male,175.112.27.253
163,Linus,Jakolevitch,ljakolevitch4i@topsy.com,Male,194.243.178.20
164,Parnell,Barkaway,pbarkaway4j@psu.edu,Male,182.117.168.105
165,Wadsworth,Almak,walmak4k@feedburner.com,Male,87.107.147.146
166,Kalvin,Braunston,kbraunston4l@jigsy.com,Male,252.29.107.18
167,Karoly,Breton,kbreton4m@4shared.com,Male,0.53.178.52
168,Tatum,Northam,tnortham4n@google.es,Female,15.198.89.131
169,Korella,Fielden,kfielden4o@earthlink.net,Female,59.198.78.152
170,Brock,Christauffour,bchristauffour4p@yellowbook.com,Male,162.59.84.135
171,Lilla,Doogood,ldoogood4q@purevolume.com,Female,31.89.162.253
172,Sophey,Smoughton,ssmoughton4r@upenn.edu,Agender,164.32.178.116
173,Eberhard,Grist,egrist4s@istockphoto.com,Male,44.17.6.178
174,Brig,Bendix,bbendix4t@ihg.com,Agender,157.113.159.215
175,Hagen,De Haven,hdehaven4u@paypal.com,Male,21.169.58.179
176,Milly,Langcaster,mlangcaster4v@networkadvertising.org,Female,181.29.7.45
177,Darnall,Wabey,dwabey4w@admin.ch,Male,237.185.8.70
178,Raphael,Stollberg,rstollberg4x@sohu.com,Male,146.217.4.247
179,Krystalle,Holtum,kholtum4y@cargocollective.com,Female,182.7.199.122
180,Sonia,Hammersley,shammersley4z@51.la,Female,174.74.18.211
181,Ferdy,Salvatore,fsalvatore50@hc360.com,Male,124.97.0.10
182,Drucy,Palliser,dpalliser51@tamu.edu,Female,248.84.238.246
183,Mei,Belford,mbelford52@intel.com,Female,27.124.40.53
184,Hugh,Piddlehinton,hpiddlehinton53@harvard.edu,Male,187.77.226.149
185,Elfie,Henric,ehenric54@jiathis.com,Female,158.111.102.249
186,Rory,Drei,rdrei55@patch.com,Female,144.234.111.206
187,Candida,Pavkovic,cpavkovic56@cpanel.net,Female,33.41.18.35
188,Petronille,Ruspine,pruspine57@4shared.com,Female,146.59.180.133
189,Garvey,Halbard,ghalbard58@nationalgeographic.com,Male,48.117.227.89
190,Thomasine,Braundt,tbraundt59@google.com.br,Female,34.173.75.177
191,Gregorius,Cobbledick,gcobbledick5a@sakura.ne.jp,Male,164.211.147.134
192,Thorn,Burdell,tburdell5b@ameblo.jp,Male,210.103.159.141
193,Zedekiah,Tarbatt,ztarbatt5c@vistaprint.com,Male,212.201.131.90
194,Nessy,Newson,nnewson5d@scientificamerican.com,Female,28.202.230.177
195,Ebeneser,Hanvey,ehanvey5e@purevolume.com,Male,201.236.169.23
196,Audra,Liddall,aliddall5f@networksolutions.com,Female,252.151.216.37
197,Nathanael,Sweed,nsweed5g@nasa.gov,Male,199.55.26.216
198,Lonnard,Carty,lcarty5h@epa.gov,Male,30.170.37.9
199,Sonia,Wenman,swenman5i@joomla.org,Female,91.227.160.34
200,Marlin,Mulleary,mmulleary5j@about.me,Male,16.164.188.220
201,Petunia,Giraudy,pgiraudy5k@craigslist.org,Female,220.39.234.174
202,Cornela,McNaught,cmcnaught5l@themeforest.net,Female,132.84.146.133
203,Wilie,Heugh,wheugh5m@shutterfly.com,Female,180.120.226.117
204,Adriano,Becerro,abecerro5n@51.la,Male,107.241.186.234
205,Reagen,Merdew,rmerdew5o@ucoz.com,Male,76.188.55.10
206,Aland,Thickins,athickins5p@blog.com,Male,170.253.97.59
207,Wolfie,L' Estrange,wlestrange5q@fastcompany.com,Male,107.235.145.2
208,Elroy,Batalini,ebatalini5r@sohu.com,Male,186.200.192.94
209,Cherianne,Yaus,cyaus5s@comsenz.com,Polygender,87.177.176.190
210,Godart,Crielly,gcrielly5t@cocolog-nifty.com,Male,87.91.43.139
211,Bibi,McLaren,bmclaren5u@nationalgeographic.com,Female,240.2.130.115
212,Lindy,Arderne,larderne5v@tripadvisor.com,Male,196.62.109.22
213,Granthem,Angear,gangear5w@icio.us,Male,192.146.38.231
214,Odo,Densumbe,odensumbe5x@google.ca,Male,218.216.212.144
215,Harwell,Ordelt,hordelt5y@imgur.com,Male,39.180.183.153
216,Vernor,Francesch,vfrancesch5z@mayoclinic.com,Male,142.140.19.9
217,Francine,Goodburn,fgoodburn60@qq.com,Bigender,2.5.203.138
218,Wolfy,McInerney,wmcinerney61@elegantthemes.com,Male,150.174.123.233
219,Ardeen,Abramzon,aabramzon62@addthis.com,Female,131.193.243.37
220,Gerardo,Berg,gberg63@odnoklassniki.ru,Male,210.245.237.64
221,Alicia,Peasby,apeasby64@zdnet.com,Female,175.39.9.5
222,Gage,O'Reilly,goreilly65@prweb.com,Male,5.242.170.30
223,Joell,Brisseau,jbrisseau66@youtu.be,Female,14.228.30.170
224,Rena,Matoshin,rmatoshin67@edublogs.org,Female,246.237.203.198
225,Filmore,Forre,fforre68@flavors.me,Bigender,124.252.164.45
226,Peggi,Hugett,phugett69@hexun.com,Genderqueer,62.242.247.244
227,Lem,Joberne,ljoberne6a@mail.ru,Male,171.128.231.138
228,Nana,Limer,nlimer6b@imgur.com,Female,161.29.9.170
229,Sharla,Gautrey,sgautrey6c@yellowpages.com,Female,59.171.248.104
230,Alard,Spinley,aspinley6d@icio.us,Male,26.107.90.224
231,Pippa,Peret,pperet6e@theatlantic.com,Female,250.147.186.214
232,Ethelin,McIlveen,emcilveen6f@sitemeter.com,Female,194.128.194.152
233,Cozmo,Coldtart,ccoldtart6g@pagesperso-orange.fr,Male,11.109.139.229
234,Othello,Callington,ocallington6h@noaa.gov,Male,122.221.146.137
235,Raven,Harold,rharold6i@de.vu,Genderqueer,51.35.203.170
236,Freida,Tasseler,ftasseler6j@chicagotribune.com,Female,29.96.79.179
237,Carina,Ganny,cganny6k@storify.com,Female,121.187.178.145
238,Vivian,Domenico,vdomenico6l@ovh.net,Female,14.4.172.71
239,Ardis,Sambedge,asambedge6m@kickstarter.com,Female,203.77.203.85
240,Marysa,Greenham,mgreenham6n@hatena.ne.jp,Female,224.83.182.135
241,Leshia,Hinge,lhinge6o@slate.com,Genderqueer,8.157.28.132
242,Adolph,Colvin,acolvin6p@opensource.org,Male,197.157.48.200
243,Theo,Kohen,tkohen6q@barnesandnoble.com,Female,86.183.144.79
244,Denice,Fairley,dfairley6r@storify.com,Female,239.14.34.55
245,Hulda,Girdwood,hgirdwood6s@hibu.com,Female,64.46.204.200
246,Sabina,Sussams,ssussams6t@admin.ch,Female,7.124.58.173
247,Aurora,Maus,amaus6u@1und1.de,Female,155.215.33.33
248,Lenard,Decruse,ldecruse6v@google.com.br,Male,130.243.227.159
249,Tricia,Pie,tpie6w@bing.com,Genderfluid,203.17.146.106
250,Johanna,Cornford,jcornford6x@clickbank.net,Female,9.162.92.67
251,Gregoire,Vye,gvye6y@ebay.com,Male,43.127.34.36
252,Dorthy,Iannelli,diannelli6z@google.fr,Female,58.91.192.153
253,Yorker,Wetherick,ywetherick70@fda.gov,Male,84.162.251.42
254,Lenore,Basnett,lbasnett71@amazon.co.uk,Female,163.148.118.100
255,Hobart,Ivakin,hivakin72@ezinearticles.com,Non-binary,88.217.165.156
256,Tiffanie,Corter,tcorter73@csmonitor.com,Female,70.255.136.34
257,Harcourt,Bickmore,hbickmore74@indiatimes.com,Male,236.63.117.240
258,Marigold,Hovert,mhovert75@shareasale.com,Female,83.41.18.249
259,Meredeth,Sanchiz,msanchiz76@amazon.co.uk,Male,91.192.202.126
260,Ermengarde,Shailer,eshailer77@cpanel.net,Female,19.84.233.244
261,Nathaniel,Cowser,ncowser78@123-reg.co.uk,Bigender,67.70.171.89
262,Lela,Piechnik,lpiechnik79@yolasite.com,Female,250.218.155.253
263,Red,Randles,rrandles7a@de.vu,Male,91.191.138.229
264,Cinderella,Syddon,csyddon7b@4shared.com,Female,215.64.142.126
265,Sholom,Gymblett,sgymblett7c@pen.io,Male,178.227.113.132
266,Joell,Goldstein,jgoldstein7d@live.com,Female,51.40.244.236
267,Salmon,Mullinger,smullinger7e@xinhuanet.com,Male,37.151.56.93
268,Ernesto,Humphery,ehumphery7f@cbsnews.com,Male,84.9.181.194
269,Innis,Williamson,iwilliamson7g@infoseek.co.jp,Male,62.71.68.189
270,Boyd,Bourchier,bbourchier7h@delicious.com,Male,193.78.129.137
271,Manolo,Skeene,mskeene7i@elegantthemes.com,Male,88.79.137.93
272,Dal,Eyckel,deyckel7j@tripadvisor.com,Male,12.110.62.245
273,Armand,Escoffier,aescoffier7k@sourceforge.net,Male,238.208.70.75
274,Iris,Gleeson,igleeson7l@sciencedaily.com,Female,167.119.138.246
275,Darryl,Chittock,dchittock7m@facebook.com,Female,152.178.190.88
276,Port,Childrens,pchildrens7n@shutterfly.com,Male,56.214.166.171
277,Scotti,Cran,scran7o@hatena.ne.jp,Male,68.252.176.38
278,Essie,Andrew,eandrew7p@eepurl.com,Female,255.160.180.157
279,Sherie,Yushmanov,syushmanov7q@blogs.com,Female,153.97.228.105
280,Riccardo,Furmagier,rfurmagier7r@forbes.com,Male,36.212.15.9
281,Ginnifer,Sapson,gsapson7s@house.gov,Female,124.202.46.88
282,Shelbi,Hukin,shukin7t@economist.com,Female,100.77.142.118
283,Eziechiele,Walford,ewalford7u@lulu.com,Non-binary,22.179.188.242
284,Christy,Weiner,cweiner7v@patch.com,Female,238.34.137.218
285,Son,Toal,stoal7w@yellowbook.com,Male,114.98.20.44
286,Evyn,Morley,emorley7x@devhub.com,Male,118.180.86.71
287,Kent,Trustrie,ktrustrie7y@redcross.org,Bigender,18.59.143.245
288,Madelene,Artiss,martiss7z@wordpress.com,Female,181.25.254.113
289,Rois,Reeve,rreeve80@spiegel.de,Female,189.233.83.166
290,Steward,Guslon,sguslon81@github.io,Male,35.202.95.30
291,Thebault,Mostin,tmostin82@va.gov,Male,162.133.46.245
292,Samantha,Hinkley,shinkley83@google.de,Female,147.107.32.69
293,Stillman,Whale,swhale84@phpbb.com,Male,41.138.13.233
294,Dominique,Keggins,dkeggins85@123-reg.co.uk,Male,121.66.3.146
295,Gwendolyn,Saffon,gsaffon86@issuu.com,Female,6.221.6.69
296,Norah,Oldcote,noldcote87@thetimes.co.uk,Female,148.6.203.250
297,Connie,Rushe,crushe88@indiatimes.com,Female,29.153.160.47
298,Putnam,Headrick,pheadrick89@cloudflare.com,Male,192.161.244.18
299,Ethelbert,Netting,enetting8a@squarespace.com,Male,187.216.21.101
300,Jobyna,Gherardesci,jgherardesci8b@creativecommons.org,Bigender,255.56.12.171
301,Misha,Seak,mseak8c@furl.net,Genderqueer,95.89.4.61
302,Mackenzie,McKeown,mmckeown8d@dedecms.com,Male,135.104.14.89
303,Ricard,Attwoull,rattwoull8e@apple.com,Male,236.11.209.161
304,Yvor,Pigrome,ypigrome8f@tiny.cc,Male,218.133.21.248
305,Josephine,Simonard,jsimonard8g@youtube.com,Female,183.138.204.204
306,Henrie,Landal,hlandal8h@theguardian.com,Female,202.140.220.250
307,Patrizius,Berthe,pberthe8i@so-net.ne.jp,Male,102.198.168.125
308,Emelita,Dummer,edummer8j@bbc.co.uk,Female,212.144.233.21
309,Idalina,Letchmore,iletchmore8k@google.ca,Female,89.32.115.208
310,Edee,Fresson,efresson8l@telegraph.co.uk,Female,239.206.162.148
311,Martica,Huggen,mhuggen8m@businesswire.com,Female,93.238.21.101
312,Margette,Woolsey,mwoolsey8n@istockphoto.com,Female,66.210.104.90
313,Morton,Streater,mstreater8o@wikipedia.org,Male,156.186.138.25
314,Baldwin,Annetts,bannetts8p@angelfire.com,Male,158.77.138.211
315,Dominic,Skellon,dskellon8q@eventbrite.com,Male,64.30.30.73
316,Bjorn,Swanton,bswanton8r@istockphoto.com,Male,193.43.20.178
317,Thane,Duran,tduran8s@edublogs.org,Male,177.190.49.28
318,Emily,Crehan,ecrehan8t@tiny.cc,Female,164.51.60.145
319,Austin,Ceillier,aceillier8u@google.com.br,Female,220.8.181.40
320,Mateo,Scoines,mscoines8v@ifeng.com,Male,72.98.58.242
321,Chiquia,Lesurf,clesurf8w@yahoo.com,Female,58.215.227.81
322,Pauly,Harnell,pharnell8x@engadget.com,Female,144.155.186.220
323,Micky,Gladtbach,mgladtbach8y@hp.com,Male,114.85.97.77
324,Oliy,Georgel,ogeorgel8z@dailymotion.com,Female,122.63.56.241
325,Dwayne,Van Arsdall,dvanarsdall90@mapquest.com,Genderfluid,218.103.210.162
326,Marleen,Melmar,mmelmar91@jiathis.com,Female,115.6.127.68
327,Kandace,Buggs,kbuggs92@google.com.au,Female,91.106.236.50
328,Rosanne,MacKean,rmackean93@facebook.com,Female,167.70.98.203
329,Lucias,Hinze,lhinze94@un.org,Male,41.5.150.94
330,Merv,Penrose,mpenrose95@plala.or.jp,Male,64.169.42.98
331,Herbie,Sperling,hsperling96@facebook.com,Male,6.66.0.250
332,Sheena,Allatt,sallatt97@example.com,Female,75.178.61.162
333,Elle,Stables,estables98@csmonitor.com,Female,20.11.38.82
334,Muffin,Brawson,mbrawson99@usatoday.com,Male,94.220.67.72
335,Gussy,Innocenti,ginnocenti9a@fc2.com,Female,246.147.246.136
336,Kane,Phlippi,kphlippi9b@clickbank.net,Male,180.102.132.122
337,Obed,McCrone,omccrone9c@dmoz.org,Male,113.65.46.65
338,Tabbatha,Hyndes,thyndes9d@sun.com,Female,192.176.125.131
339,Hamid,Garmanson,hgarmanson9e@storify.com,Male,53.173.48.3
340,Othilie,McFadzean,omcfadzean9f@wix.com,Female,14.69.212.206
341,Steffen,Dyke,sdyke9g@nationalgeographic.com,Male,184.160.224.54
342,Maxy,Jukubczak,mjukubczak9h@ox.ac.uk,Female,252.102.1.115
343,Merill,Theze,mtheze9i@whitehouse.gov,Male,248.244.195.114
344,Russell,Gerling,rgerling9j@about.com,Male,246.27.58.125
345,Arin,Windmill,awindmill9k@smh.com.au,Male,76.33.55.15
346,Vivien,Pepon,vpepon9l@mediafire.com,Female,161.110.204.161
347,Lacy,Eyers,leyers9m@weebly.com,Female,94.40.27.0
348,Abigail,Henken,ahenken9n@unicef.org,Female,241.88.120.180
349,Agata,Eakly,aeakly9o@facebook.com,Female,66.217.144.161
350,Talbot,Trigg,ttrigg9p@imdb.com,Male,157.158.25.57
351,Meade,Featley,mfeatley9q@liveinternet.ru,Male,24.174.122.251
352,Angelia,Stollenhof,astollenhof9r@free.fr,Female,194.175.125.149
353,Ardella,Norley,anorley9s@yahoo.co.jp,Female,43.160.229.179
354,Ophelia,Anderbrugge,oanderbrugge9t@cafepress.com,Female,134.215.108.119
355,Keri,Meech,kmeech9u@comcast.net,Female,228.61.89.151
356,Wat,McManamon,wmcmanamon9v@webnode.com,Male,190.118.168.122
357,Jozef,Gouly,jgouly9w@icio.us,Male,42.144.198.77
358,Kin,Harverson,kharverson9x@boston.com,Male,102.137.191.194
359,Cornelle,Euplate,ceuplate9y@xing.com,Female,14.196.86.144
360,Carree,Jeffray,cjeffray9z@shinystat.com,Female,180.11.2.88
361,Barty,Bennallck,bbennallcka0@reverbnation.com,Polygender,45.232.34.236
362,Cristina,Vanyard,cvanyarda1@amazon.co.uk,Female,171.22.163.216
363,Oberon,Jagiela,ojagielaa2@tripod.com,Male,192.111.217.133
364,Gina,Tremoulet,gtremouleta3@google.it,Female,56.14.166.241
365,Thorny,Bricksey,tbrickseya4@state.gov,Male,214.77.192.38
366,Jessee,Beminster,jbeminstera5@businessweek.com,Male,12.198.86.108
367,Scott,Culy,sculya6@ebay.com,Male,254.89.34.9
368,Brodie,Tomkins,btomkinsa7@aol.com,Male,54.221.9.120
369,Clair,Taffe,ctaffea8@yellowpages.com,Male,10.174.230.241
370,Waneta,Haps,whapsa9@nasa.gov,Genderqueer,99.255.156.135
371,Braden,Beckles,bbecklesaa@sitemeter.com,Genderfluid,139.143.117.4
372,Jefferey,Baylie,jbaylieab@desdev.cn,Male,161.139.108.9
373,Ricky,Wroath,rwroathac@ihg.com,Polygender,235.108.206.254
374,Lucila,Aronow,laronowad@abc.net.au,Female,121.99.50.244
375,Shanda,Heimann,sheimannae@ca.gov,Female,79.223.67.13
376,Lexine,Tuppeny,ltuppenyaf@paypal.com,Female,9.106.193.244
377,Cody,Antognetti,cantognettiag@pbs.org,Male,135.208.73.85
378,Virge,Pickton,vpicktonah@studiopress.com,Male,117.119.137.202
379,Jessie,Gurdon,jgurdonai@bbb.org,Male,200.197.109.179
380,Torrance,Osbaldstone,tosbaldstoneaj@wisc.edu,Male,240.57.194.186
381,Shauna,Weare,sweareak@de.vu,Female,129.168.141.134
382,Hedwig,Pates,hpatesal@artisteer.com,Female,2.120.61.130
383,Hillyer,McGenn,hmcgennam@amazonaws.com,Non-binary,213.165.62.201
384,Luis,Awcock,lawcockan@dion.ne.jp,Male,68.123.91.58
385,Brianna,Welman,bwelmanao@free.fr,Female,248.225.130.240
386,Meade,O'Kieran,mokieranap@aol.com,Female,124.211.87.192
387,Bertie,Beadon,bbeadonaq@homestead.com,Male,31.217.105.139
388,Debby,Woolford,dwoolfordar@buzzfeed.com,Non-binary,11.249.187.7
389,Tyson,Binfield,tbinfieldas@walmart.com,Male,202.131.160.234
390,Chic,Mechi,cmechiat@engadget.com,Male,138.53.246.189
391,Delphine,Silvers,dsilversau@sciencedaily.com,Female,26.7.113.40
392,Ebonee,Corter,ecorterav@theguardian.com,Bigender,20.226.2.16
393,Torie,Convery,tconveryaw@wisc.edu,Female,47.24.150.121
394,Chelsy,McWilliams,cmcwilliamsax@home.pl,Non-binary,221.32.157.151
395,Sianna,Craydon,scraydonay@smh.com.au,Female,182.15.255.220
396,Lou,Foxhall,lfoxhallaz@indiegogo.com,Female,61.51.165.255
397,Imojean,Edinboro,iedinborob0@washingtonpost.com,Female,100.122.148.55
398,Ashil,Gaunter,agaunterb1@nifty.com,Female,231.98.175.130
399,Mitch,Fosbraey,mfosbraeyb2@amazon.de,Male,146.34.104.18
400,Hershel,Sarchwell,hsarchwellb3@forbes.com,Male,170.4.141.119
401,Siana,Pigeon,spigeonb4@sciencedaily.com,Female,155.1.85.207
402,Lucian,Cuttles,lcuttlesb5@webs.com,Male,53.32.237.159
403,Millisent,Regis,mregisb6@imageshack.us,Female,202.18.99.117
404,Paulina,Saunders,psaundersb7@house.gov,Female,139.188.99.158
405,Flint,Kenworth,fkenworthb8@skyrock.com,Male,12.135.204.121
406,Davina,Braunes,dbraunesb9@engadget.com,Female,104.111.61.174
407,Murial,Kersaw,mkersawba@slashdot.org,Non-binary,90.31.43.118
408,Ceciley,Burnhill,cburnhillbb@taobao.com,Female,15.37.149.252
409,Maurizia,Bridger,mbridgerbc@clickbank.net,Bigender,229.74.23.59
410,Stafford,Simoens,ssimoensbd@360.cn,Male,47.34.75.197
411,Emylee,Leadstone,eleadstonebe@reverbnation.com,Female,159.148.178.224
412,Nataniel,Fullard,nfullardbf@g.co,Male,20.121.84.69
413,Roderich,McKinlay,rmckinlaybg@phoca.cz,Male,6.10.169.54
414,Caren,Speller,cspellerbh@cnn.com,Female,190.100.203.224
415,Estella,Kindleysides,ekindleysidesbi@example.com,Female,29.247.130.240
416,Brew,Friary,bfriarybj@time.com,Male,62.234.243.150
417,Rori,Topliss,rtoplissbk@bbc.co.uk,Female,110.225.200.17
418,Hamil,Venney,hvenneybl@tripadvisor.com,Male,199.29.1.102
419,Nicol,Povele,npovelebm@sogou.com,Male,159.214.162.128
420,Sarita,Llewellin,sllewellinbn@parallels.com,Genderfluid,59.140.52.7
421,Evelina,Geroldini,egeroldinibo@bloglovin.com,Female,6.74.59.171
422,Hiram,Lowsely,hlowselybp@ox.ac.uk,Male,97.79.118.242
423,Alexandr,Yakebovitch,ayakebovitchbq@pen.io,Male,124.104.84.169
424,Reinaldos,Bienvenu,rbienvenubr@com.com,Male,214.239.115.192
425,L;urette,Lepick,llepickbs@opera.com,Genderqueer,69.173.142.101
426,Redd,Jirek,rjirekbt@blogspot.com,Male,57.217.87.185
427,Abe,Tinline,atinlinebu@tuttocitta.it,Male,25.132.67.37
428,Barde,Benbow,bbenbowbv@reverbnation.com,Male,47.101.98.35
429,Petronia,Barkly,pbarklybw@state.tx.us,Female,3.206.15.79
430,Fayre,Cocking,fcockingbx@wunderground.com,Female,164.238.215.30
431,Yasmin,Rawlingson,yrawlingsonby@jugem.jp,Female,239.216.153.138
432,Pietrek,Napoleone,pnapoleonebz@ox.ac.uk,Male,167.193.116.245
433,Lydon,Peppard,lpeppardc0@scribd.com,Male,47.43.230.226
434,Dehlia,Dalley,ddalleyc1@tinyurl.com,Female,222.233.41.180
435,Kincaid,Esler,keslerc2@chron.com,Male,182.186.190.169
436,Neille,Winterbourne,nwinterbournec3@engadget.com,Female,126.162.190.49
437,Win,Phittiplace,wphittiplacec4@dailymotion.com,Polygender,146.178.17.171
438,Logan,Haysar,lhaysarc5@foxnews.com,Non-binary,23.43.188.223
439,Noell,Tesoe,ntesoec6@ucoz.com,Female,0.85.11.163
440,Karol,Nowaczyk,knowaczykc7@guardian.co.uk,Female,6.101.105.57
441,Ginnifer,Schimann,gschimannc8@nytimes.com,Genderfluid,160.173.28.33
442,Wheeler,Cowitz,wcowitzc9@eepurl.com,Male,215.82.196.65
443,Gloriana,Hablot,ghablotca@wiley.com,Female,194.188.178.104
444,Maud,Cuerdall,mcuerdallcb@princeton.edu,Female,221.75.70.125
445,Aeriell,Pley,apleycc@rambler.ru,Female,146.117.179.51
446,Asia,Balle,aballecd@rediff.com,Female,41.108.139.186
447,Maxie,Pacitti,mpacittice@quantcast.com,Female,168.53.36.230
448,Eugenius,Bohling,ebohlingcf@msu.edu,Male,110.4.91.146
449,Orlan,Lattimore,olattimorecg@pbs.org,Male,15.176.86.161
450,Sharai,Klimkov,sklimkovch@microsoft.com,Female,113.63.190.198
451,Jens,Eke,jekeci@canalblog.com,Genderfluid,208.68.96.136
452,Reta,Coverdill,rcoverdillcj@1und1.de,Female,25.43.150.112
453,Larine,Mohammed,lmohammedck@flickr.com,Female,217.141.209.122
454,Deck,Rubrow,drubrowcl@gnu.org,Male,115.153.106.9
455,Chase,Janowski,cjanowskicm@gmpg.org,Male,244.215.96.172
456,Antonietta,Sibbit,asibbitcn@bigcartel.com,Female,85.223.211.104
457,Myrna,Haggett,mhaggettco@discuz.net,Female,20.236.191.35
458,Kain,Gorry,kgorrycp@digg.com,Male,235.251.175.93
459,Grady,Alderwick,galderwickcq@naver.com,Male,11.77.19.200
460,Jesse,Hoodspeth,jhoodspethcr@google.fr,Male,18.64.248.191
461,Giorgia,Cronkshaw,gcronkshawcs@irs.gov,Female,178.194.224.32
462,Kareem,Olander,kolanderct@paypal.com,Male,44.168.213.202
463,Perkin,Toun,ptouncu@theguardian.com,Male,202.4.73.146
464,Raviv,Gold,rgoldcv@baidu.com,Male,124.36.56.185
465,Carney,Paffitt,cpaffittcw@shareasale.com,Male,214.211.64.110
466,Kearney,Weddeburn - Scrimgeour,kweddeburnscrimgeourcx@globo.com,Male,244.69.61.224
467,Theressa,Crunkhorn,tcrunkhorncy@reddit.com,Genderfluid,48.62.112.152
468,Ramsey,Gudgeon,rgudgeoncz@youtu.be,Male,128.107.49.6
469,Lise,Dorwood,ldorwoodd0@dailymail.co.uk,Female,44.101.23.208
470,Sula,Levi,slevid1@newsvine.com,Female,10.58.75.225
471,Cullan,McKimm,cmckimmd2@naver.com,Agender,220.101.11.27
472,Brynne,Vinau,bvinaud3@cbc.ca,Female,20.1.141.223
473,Queenie,Morales,qmoralesd4@mozilla.com,Female,54.238.93.6
474,Darius,Bein,dbeind5@jalbum.net,Male,63.58.67.3
475,Normand,Waind,nwaindd6@epa.gov,Male,206.234.45.249
476,Natalie,Pimerick,npimerickd7@meetup.com,Female,46.163.0.168
477,Philly,Havill,phavilld8@amazon.de,Female,154.16.147.189
478,Towney,Pinchbeck,tpinchbeckd9@indiatimes.com,Male,187.135.226.180
479,Laird,Estcot,lestcotda@ameblo.jp,Male,5.10.33.44
480,Andonis,Yakubov,ayakubovdb@wp.com,Male,85.83.42.61
481,Zebulen,Albrook,zalbrookdc@amazonaws.com,Male,69.189.77.162
482,Ali,Danilyuk,adanilyukdd@skyrock.com,Male,208.95.40.147
483,Eliza,Trass,etrassde@opera.com,Female,147.109.211.101
484,Delphine,Cutriss,dcutrissdf@ucoz.ru,Female,188.201.96.196
485,Cindee,Rundall,crundalldg@skyrock.com,Female,149.238.186.223
486,Dulcy,Rickertsen,drickertsendh@free.fr,Female,93.67.160.207
487,Ruthi,Olyff,rolyffdi@dot.gov,Bigender,120.242.31.57
488,Levy,McCrossan,lmccrossandj@elegantthemes.com,Male,147.13.110.234
489,Currey,Viner,cvinerdk@google.fr,Male,79.163.0.155
490,Quinta,O'Halligan,qohalligandl@cam.ac.uk,Female,249.50.172.246
491,Sharline,Jantzen,sjantzendm@parallels.com,Female,252.78.224.179
492,Jonathon,Brandi,jbrandidn@patch.com,Male,11.49.47.116
493,Magnum,Brookes,mbrookesdo@mediafire.com,Male,248.37.26.210
494,Prescott,Sussams,psussamsdp@surveymonkey.com,Male,196.60.183.124
495,Penn,Chinnock,pchinnockdq@edublogs.org,Male,165.232.120.120
496,Lenora,Sprowell,lsprowelldr@techcrunch.com,Female,149.65.56.85
497,Sky,Fernie,sfernieds@symantec.com,Male,135.119.205.151
498,Amandie,Loxton,aloxtondt@scientificamerican.com,Bigender,160.97.6.82
499,Harlin,Pinkie,hpinkiedu@tiny.cc,Male,10.197.165.156
500,Madella,Crosher,mcrosherdv@usgs.gov,Female,105.85.90.244
501,Gualterio,Paulsen,gpaulsendw@tumblr.com,Male,20.121.0.85
502,Dallas,Welburn,dwelburndx@slate.com,Male,248.126.33.200
503,Gavan,Aspole,gaspoledy@walmart.com,Male,92.51.5.93
504,Neile,Bartel,nbarteldz@businessinsider.com,Female,202.37.122.104
505,Vincents,Marlin,vmarline0@nasa.gov,Male,64.156.1.32
506,Maurise,Ridsdale,mridsdalee1@google.co.uk,Male,147.45.45.31
507,Yvette,Morfey,ymorfeye2@zimbio.com,Female,6.182.181.189
508,Alasteir,MacDougal,amacdougale3@nps.gov,Male,202.150.182.43
509,Randie,Dannett,rdannette4@salon.com,Male,234.89.232.12
510,Emmalynne,Palethorpe,epalethorpee5@sfgate.com,Female,15.65.243.114
511,Elita,Rothwell,erothwelle6@geocities.com,Bigender,166.127.1.229
512,Merralee,Peasegood,mpeasegoode7@utexas.edu,Female,114.232.205.233
513,Whitney,Isaacson,wisaacsone8@diigo.com,Female,202.193.82.104
514,Kacy,Pavlenkov,kpavlenkove9@ow.ly,Female,235.72.209.96
515,Skippie,Grollmann,sgrollmannea@icq.com,Male,200.152.35.55
516,Jaimie,Goney,jgoneyeb@etsy.com,Male,29.190.232.138
517,Judie,Gligorijevic,jgligorijevicec@mediafire.com,Female,194.220.247.147
518,Reid,Lindemann,rlindemanned@zdnet.com,Male,53.184.140.206
519,Tomasina,Moralas,tmoralasee@answers.com,Female,117.185.37.59
520,Lacey,Audibert,laudibertef@hhs.gov,Female,167.57.33.208
521,Thedrick,Marfe,tmarfeeg@upenn.edu,Male,169.78.114.220
522,Daphene,Cortese,dcorteseeh@istockphoto.com,Female,113.56.109.177
523,Tabina,Aries,tariesei@si.edu,Female,108.216.93.127
524,Danya,Olesen,dolesenej@microsoft.com,Male,183.75.107.18
525,Theodore,Postans,tpostansek@google.com.hk,Male,181.50.32.113
526,Pearce,Daid,pdaidel@arizona.edu,Male,222.145.115.165
527,Bron,Pentlow,bpentlowem@boston.com,Male,244.168.168.197
528,Xever,Owlner,xowlneren@mit.edu,Bigender,138.97.106.150
529,Maia,Crevagh,mcrevagheo@yellowbook.com,Female,143.242.91.14
530,Gustaf,Brownsey,gbrownseyep@miitbeian.gov.cn,Male,81.110.255.221
531,Welbie,Decourt,wdecourteq@microsoft.com,Male,13.167.54.200
532,Noll,L'argent,nlargenter@mayoclinic.com,Male,178.109.156.92
533,Ilysa,Fawson,ifawsones@tinyurl.com,Female,73.113.136.24
534,Roanna,Abthorpe,rabthorpeet@blogs.com,Female,48.203.126.117
535,Humberto,Prys,hpryseu@so-net.ne.jp,Male,203.195.67.47
536,Mike,De Courtney,mdecourtneyev@twitter.com,Male,242.131.157.19
537,Aldin,Corfield,acorfieldew@shutterfly.com,Male,164.248.37.146
538,Gregoor,Misselbrook,gmisselbrookex@is.gd,Male,100.56.27.137
539,Noe,Lammiman,nlammimaney@hexun.com,Male,239.189.252.38
540,Cordie,Selly,csellyez@delicious.com,Female,226.237.188.192
541,Jasen,Orth,jorthf0@cmu.edu,Male,164.56.143.112
542,Bale,Frankcombe,bfrankcombef1@feedburner.com,Male,191.225.131.5
543,Tiphany,Farthing,tfarthingf2@youtu.be,Female,241.93.174.170
544,Selie,Giorgi,sgiorgif3@flickr.com,Female,21.2.87.51
545,Egon,Bach,ebachf4@trellian.com,Agender,19.76.191.31
546,Malcolm,Saddleton,msaddletonf5@earthlink.net,Male,54.0.241.137
547,Codi,Yashunin,cyashuninf6@nifty.com,Male,104.141.206.187
548,Araldo,Kovacs,akovacsf7@drupal.org,Male,244.220.214.51
549,Marquita,Camings,mcamingsf8@china.com.cn,Female,167.185.9.218
550,Roseanna,Merriman,rmerrimanf9@harvard.edu,Female,26.152.190.167
551,Averil,Nudds,anuddsfa@cisco.com,Male,178.178.116.134
552,Mychal,Daleman,mdalemanfb@wiley.com,Male,218.138.83.32
553,Inga,Ramelet,irameletfc@mlb.com,Female,255.230.44.126
554,Jimmie,Mangin,jmanginfd@marriott.com,Male,165.137.69.73
555,Lavinie,Underdown,lunderdownfe@booking.com,Female,197.177.92.40
556,Baird,Ingold,bingoldff@wikia.com,Male,61.87.154.228
557,Gwendolen,Kyles,gkylesfg@csmonitor.com,Female,217.3.217.71
558,Adena,Lodford,alodfordfh@behance.net,Bigender,174.132.121.165
559,Dion,Ryan,dryanfi@reference.com,Male,21.42.122.3
560,Caldwell,Pettegree,cpettegreefj@domainmarket.com,Male,226.64.97.188
561,Feliza,Delve,fdelvefk@wikispaces.com,Female,5.62.174.173
562,Penni,Bellows,pbellowsfl@ow.ly,Female,127.157.154.87
563,Karena,Penley,kpenleyfm@chronoengine.com,Female,224.20.88.125
564,Pansie,Gellert,pgellertfn@jalbum.net,Non-binary,22.193.100.147
565,Kalli,Genese,kgenesefo@fda.gov,Female,148.55.10.254
566,Alecia,Colcutt,acolcuttfp@java.com,Female,182.194.38.223
567,Mala,Fowkes,mfowkesfq@desdev.cn,Female,188.180.209.1
568,Antony,Leveret,aleveretfr@gravatar.com,Male,119.191.116.24
569,Raynor,Darrigrand,rdarrigrandfs@oracle.com,Male,53.224.152.57
570,Faustina,Halton,fhaltonft@nps.gov,Female,182.45.161.250
571,Sayer,Jeannot,sjeannotfu@newsvine.com,Male,148.236.243.240
572,Erica,Leadstone,eleadstonefv@walmart.com,Female,168.187.21.14
573,Erskine,Banting,ebantingfw@multiply.com,Male,225.82.62.146
574,Miranda,Petasch,mpetaschfx@ucoz.com,Female,152.141.6.179
575,Jerald,Kibbel,jkibbelfy@umn.edu,Male,192.43.122.36
576,Antons,Wake,awakefz@time.com,Male,32.28.60.82
577,Archer,Baudinelli,abaudinellig0@berkeley.edu,Male,66.37.48.74
578,Aloysius,Dreinan,adreinang1@ning.com,Male,80.42.72.133
579,Eliot,Kupper,ekupperg2@networkadvertising.org,Male,0.56.232.201
580,Hurlee,Twinberrow,htwinberrowg3@cocolog-nifty.com,Male,160.201.31.215
581,Shea,Hazelton,shazeltong4@soup.io,Non-binary,181.204.80.36
582,Cinda,Curtin,ccurting5@paginegialle.it,Female,43.63.36.120
583,Nicky,Northeast,nnortheastg6@i2i.jp,Male,111.161.27.32
584,Urban,Sansum,usansumg7@utexas.edu,Male,17.255.58.17
585,Angelo,Braisby,abraisbyg8@sogou.com,Non-binary,5.177.165.25
586,Terencio,Dungay,tdungayg9@weebly.com,Male,184.1.245.86
587,Reena,Whight,rwhightga@ucoz.com,Female,186.108.51.74
588,Verge,Bushell,vbushellgb@bing.com,Male,188.154.142.194
589,Selle,McMychem,smcmychemgc@scientificamerican.com,Female,148.186.214.108
590,Filide,Collingridge,fcollingridgegd@purevolume.com,Female,220.230.225.113
591,Garrett,Krolik,gkrolikge@studiopress.com,Bigender,231.77.236.19
592,Annetta,Recke,areckegf@domainmarket.com,Female,244.121.83.192
593,Shel,Bezzant,sbezzantgg@theatlantic.com,Agender,115.77.55.220
594,Alexandra,Van Vuuren,avanvuurengh@icq.com,Female,126.207.145.224
595,Desi,Muirhead,dmuirheadgi@gravatar.com,Male,17.37.45.42
596,Jesus,Jailler,jjaillergj@unblog.fr,Genderfluid,168.103.90.94
597,Aindrea,Strick,astrickgk@latimes.com,Female,140.156.50.200
598,Melisenda,Rootham,mroothamgl@theguardian.com,Polygender,42.231.104.37
